color,counts,freq
_,1397825,0.9040471198161152
7,138019,0.0892641635611757
maj7,6441,0.0041657342648297
dim,2552,0.0016505129395816
7b5,726,0.0004695424741913
+,623,0.0004029269441063
